"id","uid","quiz_result_id","quiz_result_answer_id","element","timestamp","attempts"
"1","1","410","510","Button: First Recommended","1617444915163","3"
"2","1","412","512","Button: Second Recommended","1617445338422","4"
"3","1","413","513","Button: Third Recommended","1617445369168","2"
"4","1","415","515","Button: Oefeningenoverzicht","1617449608704","1"
"5","1812","417","517","Button: First Recommended","1617552068236","2"
"6","1812","418","518","Button: Oefeningenoverzicht","1617552163429","2"
"7","1812","420","520","Button: Oefeningenoverzicht","1617552406254","1"
"8","1812","421","521","Button: Oefeningenoverzicht","1617552582104","1"
"9","1812","422","522","Button: Oefeningenoverzicht","1617552645106","2"
"10","1802","423","523","Button: First Recommended","1617553328462","1"
"11","1802","424","524","Button: First Recommended","1617553444365","4"
"12","1802","425","525","Button: Oefeningenoverzicht","1617553525312","5"
"13","1802","426","526","Button: First Recommended","1617555197264","1"
"14","1802","426","526","Button: Second Recommended","1617555250466","1"
"15","1812","427","527","Button: Oefeningenoverzicht","1617557473334","3"
"16","1812","430","529","Button: Oefeningenoverzicht","1617557652196","1"
"17","1814","431","530","Button: Oefeningenoverzicht","1617622136195","1"
"18","1","433","532","Button: Third Recommended","1617709106263","3"
"19","1","434","533","Button: Second Recommended","1617709122229","1"
"20","1","435","534","Button: First Recommended","1617709134874","1"
"21","1","436","535","Button: First Recommended","1617709151915","2"
"22","1","437","536","Button: First Recommended","1617709165789","2"
"23","1","438","537","Button: First Recommended","1617709180379","2"
"24","1","439","538","Button: First Recommended","1617709197416","4"
"25","1","440","539","Button: First Recommended","1617709213040","3"
"26","1","441","540","Button: First Recommended","1617709227482","2"
"27","1","442","541","Button: First Recommended","1617709241653","3"
"28","1","443","542","Button: First Recommended","1617709252682","1"
"29","1","445","544","Button: Onderwerpenoverzicht","1617712356711","2"
"30","1802","447","546","Button: First Recommended","1617712593098","1"
"31","1802","448","547","Button: Oefeningenoverzicht","1617712611055","1"
"32","1","451","549","Button: Oefeningenoverzicht","1617916407022","1"
"33","1802","454","552","Button: Oefeningenoverzicht","1617916834839","1"
"34","1802","461","559","Button: Oefeningenoverzicht","1617917829710","1"
"35","1","466","564","Button: Oefeningenoverzicht","1617958761546","1"
"36","1","468","566","Button: Onderwerpenoverzicht","1617976554157","3"
"37","1","469","567","Button: Oefeningenoverzicht","1617976604888","6"
"38","1","471","569","Button: Oefeningenoverzicht","1617978557724","2"
"39","1","473","571","Button: Onderwerpenoverzicht","1617980587454","2"
"40","1","475","573","Button: Onderwerpenoverzicht","1617980869700","2"
"41","1","477","575","Button: Onderwerpenoverzicht","1617981013805","2"
"42","1","478","576","Button: Onderwerpenoverzicht","1617981054961","3"
"43","1","479","577","Button: Onderwerpenoverzicht","1617981387611","1"
"44","1","481","579","Button: Oefeningenoverzicht","1617982094430","3"
"45","1","483","581","Button: Onderwerpenoverzicht","1617990046045","1"
"46","1","484","582","Button: Oefeningenoverzicht","1617990129247","1"
"47","1836","485","583","Button: First Recommended","1617992318530","1"
"48","1836","486","584","Button: First Recommended","1617992332601","2"
"49","1836","487","585","Button: Oefeningenoverzicht","1617992345339","1"
"50","1837","489","587","Button: First Recommended","1617992549010","2"
"51","1837","490","588","Button: First Recommended","1617992567432","2"
"52","1837","491","589","Button: First Recommended","1617992615152","10"
"53","1837","493","591","Button: Oefeningenoverzicht","1617992713632","2"
"54","1838","494","592","Button: Third Recommended","1617993084607","7"
"55","1838","496","594","Button: Second Recommended","1617993134117","2"
"56","1","500","598","Button: Oefeningenoverzicht","1618007779766","1"
"57","1","502","600","Button: First Recommended","1618047967557","2"
"58","1","503","601","Button: Oefeningenoverzicht","1618047998299","1"
"59","1","504","602","Button: First Recommended","1618048731248","1"
"60","1","505","603","Button: First Recommended","1618048798496","3"
"61","1","506","604","Button: Oefeningenoverzicht","1618049443413","1"
"62","1841","512","610","Button: Third Recommended","1618354032121","2"
"63","1841","513","611","Button: Oefeningenoverzicht","1618354078292","2"
"64","1841","514","612","Button: First Recommended","1618354168697","4"
"65","1841","517","615","Button: Oefeningenoverzicht","1618354548264","1"
"66","1841","518","616","Button: First Recommended","1618354663960","2"
"67","1","543","641","Button: Onderwerpenoverzicht","1618510065317","1"
"68","1841","550","648","Button: Onderwerpenoverzicht","1618606460101","1"
"69","1841","551","649","Button: Onderwerpenoverzicht","1618606506880","1"
"70","1853","569","667","Button: Oefeningenoverzicht","1618688743164","1"
"71","1863","578","676","Button: Third Recommended","1618730666732","4"
"72","1863","579","677","Button: Second Recommended","1618730762426","1"
"73","1863","580","678","Button: Second Recommended","1618730810407","1"
"74","1863","581","679","Button: Third Recommended","1618730844408","1"
"75","1864","604","702","Button: Oefeningenoverzicht","1618772006333","1"
"76","1864","605","703","Button: First Recommended","1618772098934","1"
"77","1864","606","704","Button: Oefeningenoverzicht","1618772186515","1"
"78","1864","609","707","Button: Oefeningenoverzicht","1618773199208","4"
"79","1864","620","718","Button: First Recommended","1618773699663","3"
"80","1864","623","721","Button: Oefeningenoverzicht","1618773999406","1"
"81","1842","637","735","Button: First Recommended","1618831532561","1"
"82","1842","645","743","Button: First Recommended","1618831814578","1"
"83","1","647","745","Button: Oefeningenoverzicht","1618831823638","1"
"84","1","649","747","Button: Oefeningenoverzicht","1618832071803","4"
"85","1865","660","758","Button: First Recommended","1618841134293","4"
"86","1865","660","758","Button: Oefeningenoverzicht","1618841845683","4"
"87","1865","662","760","Button: Oefeningenoverzicht","1618842718828","2"
"88","1865","663","761","Button: First Recommended","1618843774821","1"
"89","1865","664","762","Button: First Recommended","1618846996532","3"
"90","1865","669","767","Button: First Recommended","1618847549799","1"
"91","1865","670","768","Button: First Recommended","1618847644245","1"
"92","1865","671","769","Button: First Recommended","1618847977235","2"
"93","1865","673","771","Button: Oefeningenoverzicht","1618848130489","3"
"94","1865","674","772","Button: First Recommended","1618848289968","1"
"95","1865","675","773","Button: First Recommended","1618848639876","1"
"96","1865","676","774","Button: First Recommended","1618848773098","1"
"97","1865","677","775","Button: Oefeningenoverzicht","1618848837807","1"
"98","1865","679","777","Button: First Recommended","1618849245817","4"
"99","1865","680","778","Button: First Recommended","1618849337532","1"
"100","1865","681","779","Button: First Recommended","1618849508448","3"
"101","1865","682","780","Button: First Recommended","1618849607437","1"
"102","1865","683","781","Button: First Recommended","1618849881362","4"
"103","1865","684","782","Button: Oefeningenoverzicht","1618849953560","1"
"104","1865","686","784","Button: First Recommended","1618850067610","1"
"105","1865","687","785","Button: First Recommended","1618850184314","1"
"106","1865","688","786","Button: Oefeningenoverzicht","1618850222531","3"
"107","1865","688","786","Button: Oefeningenoverzicht","1618850240713","3"
"108","1865","689","787","Button: First Recommended","1618850301497","3"
"109","1865","690","788","Button: First Recommended","1618850538105","3"
"110","1865","691","789","Button: First Recommended","1618850630311","1"
"111","1865","692","790","Button: Oefeningenoverzicht","1618850706534","1"
"112","1865","693","791","Button: First Recommended","1618850757683","2"
"113","1865","694","792","Button: First Recommended","1618850999549","2"
"114","1865","695","793","Button: First Recommended","1618851032332","1"
"115","1865","696","794","Button: Oefeningenoverzicht","1618851217239","2"
"116","1841","700","798","Button: Oefeningenoverzicht","1618916219893","1"
"117","1869","712","810","Button: First Recommended","1618934573556","1"
"118","1866","717","815","Button: First Recommended","1618937309660","1"
"119","1871","725","823","Button: First Recommended","1618937698307","1"
"120","1871","727","825","Button: First Recommended","1618937775548","1"
"121","1871","728","826","Button: First Recommended","1618937799369","1"
"122","1871","730","828","Button: First Recommended","1618937852056","1"
"123","1871","733","831","Button: First Recommended","1618937988747","1"
"124","1871","734","832","Button: First Recommended","1618938016171","2"
"125","1871","735","833","Button: Oefeningenoverzicht","1618938200594","1"
"126","1871","737","835","Button: Oefeningenoverzicht","1618938288603","1"
"127","1871","743","841","Button: Oefeningenoverzicht","1618938558087","2"
"128","1871","745","843","Button: Third Recommended","1618938605909","1"
"129","1871","747","845","Button: Second Recommended","1618938659243","2"
"130","1871","748","846","Button: Second Recommended","1618938688454","3"
"131","1871","750","848","Button: First Recommended","1618938765456","2"
"132","1871","751","849","Button: First Recommended","1618939556793","1"
"133","1871","752","850","Button: Oefeningenoverzicht","1618939587883","2"
"134","1","754","852","Button: First Recommended","1618939786869","1"
"135","1","762","860","Button: Oefeningenoverzicht","1618942127399","1"
"136","1866","774","872","Button: First Recommended","1618943499463","1"
"137","1866","775","873","Button: Third Recommended","1618943616006","1"
"138","1866","776","874","Button: First Recommended","1618943647233","1"
"139","1866","780","878","Button: First Recommended","1618944015385","1"
"140","1866","781","879","Button: Third Recommended","1618944038286","1"
"141","1866","786","884","Button: First Recommended","1618944172966","4"
"142","1866","788","886","Button: First Recommended","1618946149868","1"
"143","1866","789","887","Button: Oefeningenoverzicht","1618946330501","1"
"144","1866","792","890","Button: First Recommended","1618947003513","1"
"145","1866","794","892","Button: First Recommended","1618947062426","1"
"146","1866","795","893","Button: First Recommended","1618947227308","1"
"147","1866","796","894","Button: First Recommended","1618951868454","1"
"148","1866","797","895","Button: Second Recommended","1618951889555","1"
"149","1866","798","896","Button: Third Recommended","1618951910489","1"
"150","1866","800","898","Button: Oefeningenoverzicht","1618951961946","1"
"151","1","801","899","Button: First Recommended","1618953799719","1"
"152","1","802","900","Button: Second Recommended","1618953835268","1"
"153","1","803","901","Button: Third Recommended","1618953883738","1"
"154","1","804","902","Button: Oefeningenoverzicht","1618953935537","5"
"155","1872","807","905","Button: Second Recommended","1618954186087","1"
"156","1872","808","906","Button: Oefeningenoverzicht","1618954206006","1"
"157","1872","813","911","Button: Second Recommended","1618954965427","1"
"158","1872","814","912","Button: Third Recommended","1618955034154","2"
"159","1872","816","914","Button: Third Recommended","1618955091551","1"
"160","1872","817","915","Button: Second Recommended","1618955106782","1"
"161","1872","818","916","Button: Oefeningenoverzicht","1618955124926","1"
"162","1875","819","917","Button: First Recommended","1618955297808","1"
"163","1875","820","918","Button: First Recommended","1618955354570","1"
"164","1875","821","919","Button: First Recommended","1618955382754","2"
"165","1875","822","920","Button: First Recommended","1618955430513","2"
"166","1875","825","923","Button: Third Recommended","1618955658825","4"
"167","1875","827","925","Button: Third Recommended","1618955746264","2"
"168","1875","828","926","Button: Third Recommended","1618955781313","2"
"169","1875","829","927","Button: Oefeningenoverzicht","1618955850327","1"
"170","1","833","931","Button: Oefeningenoverzicht","1618999738095","1"
"171","1","835","933","Button: Third Recommended","1619000469032","2"
"172","1","835","933","Button: First Recommended","1619000480849","2"
"173","1","837","935","Button: Third Recommended","1619000531804","1"
"174","1","838","936","Button: Oefeningenoverzicht","1619000553357","2"
"175","1","839","937","Button: Oefeningenoverzicht","1619001560332","1"
"176","1","840","938","Button: Oefeningenoverzicht","1619001614842","2"
"177","1","841","939","Button: Oefeningenoverzicht","1619001886447","2"
"178","1","842","940","Button: Oefeningenoverzicht","1619002477105","1"
"179","1","843","941","Button: Oefeningenoverzicht","1619002545885","6"
"180","1","844","942","Button: Second Recommended","1619002679572","5"
"181","1","845","943","Button: Oefeningenoverzicht","1619002716246","1"
"182","1876","846","944","Button: Oefeningenoverzicht","1619002810184","1"
"183","1877","847","945","Button: Second Recommended","1619002872990","1"
"184","1877","848","946","Button: Oefeningenoverzicht","1619002898659","3"
"185","1","849","947","Button: Third Recommended","1619003836782","3"
"186","1","850","948","Button: Oefeningenoverzicht","1619003902969","3"
"187","1875","852","950","Button: Second Recommended","1619006196760","3"
"188","1878","855","953","Button: Third Recommended","1619008676724","1"
"189","1878","856","954","Button: Oefeningenoverzicht","1619008751459","2"
"190","1878","857","955","Button: Second Recommended","1619008807083","1"
"191","1878","858","956","Button: First Recommended","1619008835174","2"
"192","1878","859","957","Button: Third Recommended","1619008859925","2"
"193","1878","860","958","Button: Oefeningenoverzicht","1619008923534","2"
"194","1879","861","959","Button: First Recommended","1619009180987","1"
"195","1879","862","960","Button: Oefeningenoverzicht","1619009207881","3"
"196","1880","863","961","Button: Second Recommended","1619009406831","1"
"197","1880","864","962","Button: First Recommended","1619009434554","1"
"198","1880","865","963","Button: Third Recommended","1619009461558","1"
"199","1880","866","964","Button: Oefeningenoverzicht","1619009482470","3"
"200","1880","867","965","Button: Oefeningenoverzicht","1619009510825","3"
"201","1880","868","966","Button: Oefeningenoverzicht","1619009627503","2"
"202","1881","869","967","Button: Oefeningenoverzicht","1619016242679","1"
"203","1881","869","967","Button: Oefeningenoverzicht","1619016247743","1"
"204","1841","879","977","Button: Oefeningenoverzicht","1619030081550","1"
"205","1859","880","978","Button: First Recommended","1619117275945","1"
"206","1859","881","979","Button: Oefeningenoverzicht","1619117343290","1"
"207","1859","882","980","Button: Oefeningenoverzicht","1619117386569","1"
"208","1859","883","981","Button: Oefeningenoverzicht","1619117433209","1"
"209","1859","884","982","Button: Oefeningenoverzicht","1619117494297","1"
"210","1","898","996","Button: Oefeningenoverzicht","1619188288382","1"
"211","1","899","997","Button: Oefeningenoverzicht","1619188344553","3"
"212","1866","900","998","Button: Oefeningenoverzicht","1619204160770","1"
"213","1886","901","999","Button: First Recommended","1619343263038","1"
"214","1886","902","1000","Button: First Recommended","1619343429092","5"
"215","1886","903","1001","Button: First Recommended","1619343548165","1"
"216","1886","904","1002","Button: First Recommended","1619343768822","1"
"217","1886","905","1003","Button: First Recommended","1619344097242","2"
"218","1887","907","1005","Button: First Recommended","1619344851479","3"
"219","1887","908","1006","Button: First Recommended","1619344955980","1"
"220","1887","909","1007","Button: First Recommended","1619345047179","2"
"221","1887","910","1008","Button: First Recommended","1619345337653","2"
"222","1887","911","1009","Button: First Recommended","1619345754504","3"
"223","1887","912","1010","Button: First Recommended","1619351361307","1"
"224","1887","913","1011","Button: First Recommended","1619352205528","2"
"225","1887","914","1012","Button: First Recommended","1619357302673","1"
"226","1887","915","1013","Button: First Recommended","1619357419741","1"
"227","1887","916","1014","Button: First Recommended","1619357455427","1"
"228","1887","917","1015","Button: First Recommended","1619357537396","3"
"229","1887","918","1016","Button: First Recommended","1619357661417","1"
"230","1887","919","1017","Button: First Recommended","1619358040129","5"
"231","1887","920","1018","Button: First Recommended","1619358132150","1"
"232","1887","921","1019","Button: Oefeningenoverzicht","1619358213434","1"
"233","1887","924","1022","Button: First Recommended","1619359670960","1"
"234","1887","925","1023","Button: First Recommended","1619359708616","1"
"235","1887","926","1024","Button: First Recommended","1619360010725","2"
"236","1887","927","1025","Button: First Recommended","1619360081465","1"
"237","1887","928","1026","Button: First Recommended","1619360421901","2"
"238","1887","929","1027","Button: First Recommended","1619360653332","1"
"239","1887","930","1028","Button: First Recommended","1619360692375","1"
"240","1887","931","1029","Button: First Recommended","1619360833323","1"
"241","1887","932","1030","Button: First Recommended","1619360893786","2"
"242","1887","933","1031","Button: First Recommended","1619360921963","2"
"243","1887","934","1032","Button: First Recommended","1619360939231","1"
"244","1887","935","1033","Button: First Recommended","1619360956161","1"
"245","1887","936","1034","Button: First Recommended","1619360979937","1"
"246","1887","937","1035","Button: First Recommended","1619361033944","2"
"247","1887","938","1036","Button: First Recommended","1619361143073","1"
"248","1887","939","1037","Button: First Recommended","1619361231915","1"
"249","1887","940","1038","Button: First Recommended","1619361339386","1"
"250","1887","941","1039","Button: First Recommended","1619361456134","1"
"251","1887","942","1040","Button: First Recommended","1619361476577","1"
"252","1887","943","1041","Button: First Recommended","1619361506244","2"
"253","1887","944","1042","Button: First Recommended","1619361686889","2"
"254","1887","945","1043","Button: First Recommended","1619361828261","1"
"255","1887","946","1044","Button: First Recommended","1619361935600","5"
"256","1887","947","1045","Button: Onderwerpenoverzicht","1619362069331","2"
"257","1888","949","1047","Button: First Recommended","1619427541806","4"
"258","1888","950","1048","Button: First Recommended","1619427816286","2"
"259","1888","951","1049","Button: First Recommended","1619428018357","1"
"260","1888","953","1051","Button: First Recommended","1619428380389","1"
"261","1888","954","1052","Button: First Recommended","1619428766733","2"
"262","1888","955","1053","Button: First Recommended","1619429014509","1"
"263","1888","956","1054","Button: First Recommended","1619429262380","4"
"264","1888","957","1055","Button: First Recommended","1619429309421","1"
"265","1888","958","1056","Button: First Recommended","1619429802083","3"
"266","1889","961","1059","Button: First Recommended","1619435455377","1"
"267","1889","962","1060","Button: First Recommended","1619435965259","5"
"268","1888","959","1057","Button: First Recommended","1619436629294","1"
"269","1889","963","1061","Button: Oefeningenoverzicht","1619436687348","1"
"270","1888","964","1062","Button: First Recommended","1619436753629","1"
"271","1889","965","1063","Button: Oefeningenoverzicht","1619436767785","1"
"272","1888","966","1064","Button: First Recommended","1619436833485","1"
"273","1888","968","1066","Button: First Recommended","1619437042012","3"
"274","1888","969","1067","Button: First Recommended","1619437172957","1"
"275","1888","970","1068","Button: First Recommended","1619437243125","1"
"276","1889","967","1065","Button: First Recommended","1619437389161","1"
"277","1888","971","1069","Button: First Recommended","1619437468348","5"
"278","1888","973","1071","Button: First Recommended","1619437494708","1"
"279","1888","974","1072","Button: First Recommended","1619437563765","1"
"280","1888","975","1073","Button: First Recommended","1619437584780","1"
"281","1888","976","1074","Button: Oefeningenoverzicht","1619437681900","3"
"282","1888","977","1075","Button: First Recommended","1619437876197","1"
"283","1889","972","1070","Button: First Recommended","1619437918819","2"
"284","1888","978","1076","Button: First Recommended","1619437959588","4"
"285","1889","979","1077","Button: First Recommended","1619438112900","1"
"286","1888","980","1078","Button: First Recommended","1619438155731","2"
"287","1888","982","1080","Button: First Recommended","1619438203091","1"
"288","1888","983","1081","Button: First Recommended","1619438306355","4"
"289","1889","981","1079","Button: First Recommended","1619438415883","2"
"290","1890","986","1084","Button: First Recommended","1619447473899","4"
"291","1890","987","1085","Button: First Recommended","1619448028883","1"
"292","1890","988","1086","Button: Oefeningenoverzicht","1619448146418","1"
"293","1891","989","1087","Button: First Recommended","1619448693631","1"
"294","1891","990","1088","Button: First Recommended","1619448797741","2"
"295","1891","991","1089","Button: First Recommended","1619448938365","1"
"296","1891","992","1090","Button: Oefeningenoverzicht","1619449041872","4"
"297","1891","993","1091","Button: Oefeningenoverzicht","1619449217044","3"
"298","1892","995","1093","Button: First Recommended","1619452008202","4"
"299","1892","996","1094","Button: First Recommended","1619452113597","1"
"300","1892","998","1096","Button: First Recommended","1619452596199","6"
"301","1893","1000","1098","Button: First Recommended","1619455309451","2"
"302","1893","1001","1099","Button: First Recommended","1619455338423","1"
"303","1893","1003","1101","Button: First Recommended","1619455424258","1"
"304","1893","1004","1102","Button: First Recommended","1619455473413","1"
"305","1893","1005","1103","Button: First Recommended","1619455754269","1"
"306","1893","1007","1105","Button: Oefeningenoverzicht","1619455879334","4"
"307","1894","1006","1104","Button: First Recommended","1619455881425","1"
"308","1894","1008","1106","Button: First Recommended","1619456049117","1"
"309","1894","1011","1109","Button: Third Recommended","1619456474172","1"
"310","1894","1012","1110","Button: Third Recommended","1619456543005","1"
"311","1894","1013","1111","Button: Third Recommended","1619456862736","1"
"312","1894","1014","1112","Button: Third Recommended","1619457026696","1"
"313","1894","1015","1113","Button: Third Recommended","1619457112464","1"
"314","1894","1016","1114","Button: First Recommended","1619457502257","1"
"315","1895","1018","1116","Button: First Recommended","1619457723042","1"
"316","1895","1019","1117","Button: First Recommended","1619457856794","1"
"317","1896","1021","1119","Button: First Recommended","1619458150791","1"
"318","1896","1024","1122","Button: First Recommended","1619458256064","1"
"319","1895","1020","1118","Button: First Recommended","1619458374271","2"
"320","1896","1033","1131","Button: Oefeningenoverzicht","1619458501189","1"
"321","1895","1036","1134","Button: First Recommended","1619458524605","1"
"322","1896","1037","1135","Button: Second Recommended","1619458585414","1"
"323","1896","1039","1137","Button: First Recommended","1619458648664","1"
"324","1895","1038","1136","Button: First Recommended","1619458740933","1"
"325","1896","1039","1137","Button: Second Recommended","1619458878655","1"
"326","1895","1041","1139","Button: First Recommended","1619459138789","5"
"327","1895","1043","1141","Button: First Recommended","1619461096706","2"
"328","1895","1046","1144","Button: Oefeningenoverzicht","1619461212711","3"
"329","1895","1048","1146","Button: First Recommended","1619461558879","5"
"330","1899","1050","1148","Button: First Recommended","1619461733593","1"
"331","1895","1049","1147","Button: First Recommended","1619461855136","3"
"332","1899","1051","1149","Button: First Recommended","1619461903418","1"
"333","1895","1052","1150","Button: First Recommended","1619461990072","2"
"334","1899","1055","1153","Button: Oefeningenoverzicht","1619462253933","1"
"335","1895","1054","1152","Button: First Recommended","1619462354316","1"
"336","1899","1056","1154","Button: Oefeningenoverzicht","1619462369178","1"
"337","1895","1057","1155","Button: First Recommended","1619462428307","1"
"338","1899","1058","1156","Button: First Recommended","1619462670389","4"
"339","1895","1061","1159","Button: First Recommended","1619462902363","1"
"340","1899","1060","1158","Button: Oefeningenoverzicht","1619462951226","2"
"341","1895","1062","1160","Button: First Recommended","1619463059016","2"
"342","1895","1064","1162","Button: First Recommended","1619463188254","1"
"343","1895","1065","1163","Button: First Recommended","1619463326436","1"
"344","1899","1063","1161","Button: First Recommended","1619463371045","4"
"345","1899","1067","1165","Button: First Recommended","1619463418839","1"
"346","1895","1066","1164","Button: First Recommended","1619463507660","1"
"347","1895","1069","1167","Button: First Recommended","1619463598625","2"
"348","1895","1070","1168","Button: First Recommended","1619463761616","1"
"349","1895","1071","1169","Button: First Recommended","1619463900547","2"
"350","1892","999","1097","Button: First Recommended","1619464018842","3"
"351","1899","1068","1166","Button: Oefeningenoverzicht","1619464020634","1"
"352","1895","1072","1170","Button: First Recommended","1619464060168","1"
"353","1895","1076","1174","Button: First Recommended","1619464192059","1"
"354","1899","1077","1175","Button: First Recommended","1619464198650","2"
"355","1895","1078","1176","Button: First Recommended","1619464608131","1"
"356","1895","1081","1179","Button: First Recommended","1619464772749","1"
"357","1899","1082","1180","Button: First Recommended","1619464777609","1"
"358","1895","1083","1181","Button: First Recommended","1619464856378","1"
"359","1899","1084","1182","Button: First Recommended","1619464864266","2"
"360","1895","1085","1183","Button: First Recommended","1619464983868","1"
"361","1899","1086","1184","Button: Oefeningenoverzicht","1619465071754","2"
"362","1895","1087","1185","Button: First Recommended","1619465149732","2"
"363","1900","1089","1187","Button: First Recommended","1619528986102","1"
"364","1900","1090","1188","Button: First Recommended","1619529013102","1"
"365","1900","1091","1189","Button: First Recommended","1619529034735","1"
"366","1900","1092","1190","Button: First Recommended","1619529240724","5"
"367","1900","1093","1191","Button: First Recommended","1619529271582","1"
"368","1900","1094","1192","Button: First Recommended","1619529498994","1"
"369","1900","1095","1193","Button: Oefeningenoverzicht","1619529543277","2"
"370","1900","1096","1194","Button: First Recommended","1619529818284","2"
"371","1900","1097","1195","Button: First Recommended","1619529847495","1"
"372","1900","1098","1196","Button: First Recommended","1619529877605","1"
"373","1900","1099","1197","Button: First Recommended","1619529937363","3"
"374","1900","1100","1198","Button: Oefeningenoverzicht","1619529954709","1"
"375","1893","1109","1207","Button: First Recommended","1619537845029","1"
"376","1893","1110","1208","Button: First Recommended","1619537935227","5"
"377","1893","1112","1210","Button: First Recommended","1619538070014","1"
"378","1893","1113","1211","Button: First Recommended","1619541590216","2"
"379","1893","1114","1212","Button: Oefeningenoverzicht","1619542097282","3"
"380","1893","1115","1213","Button: First Recommended","1619542286476","1"
"381","1893","1115","1213","Button: Second Recommended","1619542316830","1"
"382","1893","1117","1215","Button: First Recommended","1619542958206","2"
"383","1893","1117","1215","Button: Second Recommended","1619542979367","2"
"384","1893","1117","1215","Button: Third Recommended","1619542992343","2"
"385","1893","1117","1215","Button: Oefeningenoverzicht","1619543005617","2"
"386","1893","1121","1219","Button: First Recommended","1619543264230","2"
"387","1893","1121","1220","Button: Second Recommended","1619543623823","4"
"388","1893","1121","1220","Button: Third Recommended","1619543673080","4"
"389","1893","1121","1220","Button: Oefeningenoverzicht","1619543687507","4"
"390","1893","1126","1224","Button: Oefeningenoverzicht","1619543723377","1"
"391","1893","1127","1225","Button: Oefeningenoverzicht","1619543792026","1"
"392","1893","1128","1226","Button: Oefeningenoverzicht","1619543863863","1"
"393","1893","1129","1227","Button: Oefeningenoverzicht","1619544020003","1"
"394","1893","1130","1228","Button: Oefeningenoverzicht","1619544104801","1"
"395","1893","1133","1231","Button: Oefeningenoverzicht","1619544316306","4"
"396","1893","1134","1232","Button: Oefeningenoverzicht","1619544485571","1"
"397","1893","1135","1233","Button: Oefeningenoverzicht","1619544567981","2"
"398","1893","1118","1216","Button: Oefeningenoverzicht","1619545516985","2"
"399","1893","1119","1217","Button: Oefeningenoverzicht","1619545780992","1"
"400","1893","1136","1234","Button: Oefeningenoverzicht","1619612754986","2"
"401","1893","1138","1236","Button: First Recommended","1619613378961","1"
"402","1893","1139","1237","Button: First Recommended","1619613471662","5"
"403","1893","1140","1238","Button: First Recommended","1619613501166","4"
"404","1893","1141","1239","Button: First Recommended","1619613556563","1"
"405","1893","1141","1239","Button: Second Recommended","1619613568552","1"
"406","1893","1141","1239","Button: Third Recommended","1619613603170","1"
"407","1893","1144","1242","Button: First Recommended","1619613694274","1"
"408","1893","1145","1243","Button: First Recommended","1619613724093","1"
"409","1893","1146","1244","Button: First Recommended","1619613758117","1"
"410","1893","1147","1245","Button: First Recommended","1619613807867","1"
"411","1893","1148","1246","Button: First Recommended","1619614193166","2"
"412","1893","1149","1247","Button: First Recommended","1619614245435","2"
"413","1893","1149","1247","Button: First Recommended","1619614295769","2"
"414","1893","1150","1248","Button: First Recommended","1619614349621","1"
"415","1893","1151","1249","Button: Oefeningenoverzicht","1619614418323","2"
"416","1893","1153","1251","Button: First Recommended","1619616295848","3"
"417","1893","1154","1252","Button: First Recommended","1619616798307","2"
"418","1893","1154","1252","Button: First Recommended","1619616920365","2"
"419","1893","1155","1253","Button: First Recommended","1619617272468","2"
"420","1893","1156","1254","Button: Oefeningenoverzicht","1619617338820","1"
"421","1893","1157","1255","Button: Oefeningenoverzicht","1619617390095","4"
"422","1893","1158","1256","Button: Oefeningenoverzicht","1619617420002","1"
"423","1893","1159","1257","Button: Oefeningenoverzicht","1619617484031","2"
"424","1893","1160","1258","Button: Oefeningenoverzicht","1619617590207","1"
"425","1893","1161","1259","Button: Oefeningenoverzicht","1619617624520","1"
"426","1893","1162","1260","Button: First Recommended","1619617675176","1"
"427","1893","1163","1261","Button: First Recommended","1619617689725","1"
"428","1893","1164","1262","Button: Onderwerpenoverzicht","1619617718038","4"
"429","1911","1169","1267","Button: First Recommended","1619621396214","1"
"430","1911","1170","1268","Button: First Recommended","1619621456140","1"
"431","1911","1172","1270","Button: First Recommended","1619621784130","1"
"432","1911","1173","1271","Button: Oefeningenoverzicht","1619621991586","4"
"433","1911","1174","1272","Button: Oefeningenoverzicht","1619622347942","3"
"434","1893","1143","1241","Button: Onderwerpenoverzicht","1619623451448","4"
"435","1893","1178","1276","Button: Onderwerpenoverzicht","1619624535601","4"
"436","1912","1180","1278","Button: First Recommended","1619625070961","2"
"437","1912","1182","1280","Button: Oefeningenoverzicht","1619625113338","1"
"438","1912","1183","1281","Button: Oefeningenoverzicht","1619625280334","2"
"439","1912","1184","1282","Button: Oefeningenoverzicht","1619625340722","1"
"440","1912","1185","1283","Button: Oefeningenoverzicht","1619625409635","1"
"441","1893","1177","1275","Button: Onderwerpenoverzicht","1619625480141","1"
"442","1893","1188","1286","Button: Onderwerpenoverzicht","1619626081526","1"
"443","1893","1176","1274","Button: Onderwerpenoverzicht","1619626516767","1"
"444","1887","1190","1288","Button: First Recommended","1619627879485","1"
"445","1893","1189","1287","Button: Onderwerpenoverzicht","1619627914100","1"
"446","1887","1191","1289","Button: First Recommended","1619628032049","1"
"447","1893","1179","1277","Button: Onderwerpenoverzicht","1619628101151","1"
"448","1893","1179","1277","Button: Onderwerpenoverzicht","1619628103708","1"
"449","1887","1193","1291","Button: First Recommended","1619628129381","1"
"450","1887","1194","1292","Button: First Recommended","1619628242683","3"
"451","1887","1195","1293","Button: First Recommended","1619628315275","1"
"452","1887","1196","1294","Button: First Recommended","1619628347033","2"
"453","1887","1197","1295","Button: First Recommended","1619628389673","1"
"454","1887","1198","1296","Button: First Recommended","1619628418971","1"
"455","1887","1199","1297","Button: First Recommended","1619629043699","3"
"456","1887","1202","1300","Button: First Recommended","1619629115269","1"
"457","1887","1203","1301","Button: First Recommended","1619629181015","1"
"458","1887","1204","1302","Button: First Recommended","1619629301837","1"
"459","1887","1205","1303","Button: First Recommended","1619629328434","3"
"460","1887","1206","1304","Button: First Recommended","1619629376509","2"
"461","1887","1207","1305","Button: First Recommended","1619629470044","1"
"462","1887","1208","1306","Button: First Recommended","1619629495440","1"
"463","1887","1209","1307","Button: First Recommended","1619629561733","2"
"464","1887","1210","1308","Button: First Recommended","1619629621401","1"
"465","1887","1211","1309","Button: First Recommended","1619629634357","1"
"466","1887","1212","1310","Button: First Recommended","1619629801202","1"
"467","1910","1201","1299","Button: Oefeningenoverzicht","1619629926259","1"
"468","1887","1213","1311","Button: First Recommended","1619629976848","2"
"469","1887","1215","1313","Button: First Recommended","1619629995211","2"
"470","1887","1216","1314","Button: First Recommended","1619630113035","2"
"471","1887","1217","1315","Button: First Recommended","1619630137190","1"
"472","1887","1218","1316","Button: First Recommended","1619630150761","1"
"473","1887","1219","1317","Button: First Recommended","1619630181943","5"
"474","1887","1220","1318","Button: First Recommended","1619630211857","4"
"475","1887","1221","1319","Button: First Recommended","1619630244160","1"
"476","1887","1222","1320","Button: First Recommended","1619630276403","5"
"477","1887","1223","1321","Button: First Recommended","1619630288544","1"
"478","1887","1224","1322","Button: First Recommended","1619630303682","1"
"479","1887","1225","1323","Button: First Recommended","1619630439945","2"
"480","1887","1226","1324","Button: First Recommended","1619630484765","1"
"481","1887","1227","1325","Button: First Recommended","1619630513070","3"
"482","1887","1228","1326","Button: First Recommended","1619630529688","2"
"483","1887","1229","1327","Button: First Recommended","1619630552204","2"
"484","1887","1230","1328","Button: First Recommended","1619630570069","2"
"485","1887","1231","1329","Button: First Recommended","1619630590150","3"
"486","1887","1232","1330","Button: First Recommended","1619630703137","2"
"487","1887","1233","1331","Button: First Recommended","1619631028084","3"
"488","1887","1234","1332","Button: First Recommended","1619631057628","4"
"489","1887","1235","1333","Button: First Recommended","1619631145445","2"
"490","1910","1214","1312","Button: Oefeningenoverzicht","1619631191560","1"
"491","1887","1236","1334","Button: First Recommended","1619631191264","1"
"492","1887","1237","1335","Button: First Recommended","1619631206449","1"
"493","1887","1239","1337","Button: First Recommended","1619631223106","1"
"494","1887","1240","1338","Button: First Recommended","1619631281486","1"
"495","1887","1241","1339","Button: First Recommended","1619631292830","1"
"496","1887","1242","1340","Button: First Recommended","1619631594344","2"
"497","1887","1243","1341","Button: First Recommended","1619631611696","2"
"498","1887","1244","1342","Button: First Recommended","1619631639389","5"
"499","1887","1245","1343","Button: First Recommended","1619631659762","3"
"500","1887","1246","1344","Button: First Recommended","1619631673012","1"
"501","1887","1247","1345","Button: First Recommended","1619631961832","1"
"502","1887","1248","1346","Button: First Recommended","1619631986287","4"
"503","1887","1249","1347","Button: First Recommended","1619632002637","2"
"504","1910","1251","1349","Button: Oefeningenoverzicht","1619633944873","1"
"505","1910","1252","1350","Button: Oefeningenoverzicht","1619634169792","1"
"506","1910","1253","1351","Button: Oefeningenoverzicht","1619634655386","1"
"507","1887","1250","1348","Button: First Recommended","1619635335798","4"
"508","1887","1256","1354","Button: First Recommended","1619635634349","1"
"509","1887","1257","1355","Button: First Recommended","1619635653884","4"
"510","1887","1258","1356","Button: Onderwerpenoverzicht","1619635687405","7"
"511","1910","1255","1353","Button: Oefeningenoverzicht","1619635929506","1"
"512","1910","1259","1357","Button: Oefeningenoverzicht","1619636010043","1"
"513","1910","1260","1358","Button: Oefeningenoverzicht","1619636687120","1"
"514","1910","1261","1359","Button: Oefeningenoverzicht","1619636749530","1"
"515","1910","1262","1360","Button: Oefeningenoverzicht","1619637070129","1"
"516","1910","1263","1361","Button: First Recommended","1619637132909","2"
"517","1910","1264","1362","Button: Oefeningenoverzicht","1619637186712","1"
"518","1910","1265","1363","Button: Oefeningenoverzicht","1619637239520","4"
"519","1910","1266","1364","Button: First Recommended","1619637585867","1"
"520","1910","1267","1365","Button: First Recommended","1619637679380","4"
"521","1893","1200","1298","Button: Onderwerpenoverzicht","1619638165340","2"
"522","1893","1142","1240","Button: Onderwerpenoverzicht","1619638453491","1"
"523","1915","1272","1370","Button: First Recommended","1619641819458","6"
"524","1914","1271","1369","Button: First Recommended","1619642187428","1"
"525","1914","1274","1372","Button: First Recommended","1619642408394","1"
"526","1914","1275","1373","Button: First Recommended","1619642478315","1"
"527","1914","1276","1374","Button: First Recommended","1619642530171","1"
"528","1914","1277","1375","Button: First Recommended","1619642933830","1"
"529","1921","1280","1378","Button: First Recommended","1619732718014","1"
"530","1921","1281","1379","Button: Third Recommended","1619732850220","1"
"531","1921","1282","1380","Button: Third Recommended","1619733006462","1"
"532","1921","1283","1381","Button: Oefeningenoverzicht","1619733078226","12"
"533","1","1286","1384","Button: Onderwerpenoverzicht","1619776765277","1"
"534","1","1287","1385","Button: Oefeningenoverzicht","1619877505776","1"
"535","1930","1288","1386","Button: First Recommended","1619879338620","3"
"536","1","1290","1388","Button: Oefeningenoverzicht","1619908142391","2"
"537","1932","1296","1394","Button: First Recommended","1619959737846","1"
"538","1932","1297","1395","Button: First Recommended","1619959807797","1"
"539","1932","1298","1396","Button: First Recommended","1619959939579","2"
"540","1932","1299","1397","Button: First Recommended","1619960060057","2"
"541","1932","1300","1398","Button: First Recommended","1619960487809","1"
"542","1934","1303","1401","Button: First Recommended","1620030813054","1"
"543","1934","1304","1402","Button: First Recommended","1620031088028","4"
"544","1934","1305","1403","Button: First Recommended","1620031111948","2"
"545","1934","1306","1404","Button: Oefeningenoverzicht","1620031183890","1"
"546","1934","1307","1405","Button: Oefeningenoverzicht","1620031434250","1"
"547","1933","1321","1419","Button: First Recommended","1620127847752","1"
"548","1939","1323","1421","Button: First Recommended","1620131141501","1"
"549","1939","1323","1421","Button: Third Recommended","1620131475379","4"
"550","1939","1327","1425","Button: Third Recommended","1620131927212","1"
"551","1939","1329","1427","Button: Second Recommended","1620132361659","1"
"552","1939","1330","1428","Button: Third Recommended","1620132409134","1"
"553","1941","1332","1430","Button: First Recommended","1620132474192","1"
"554","1939","1331","1429","Button: Second Recommended","1620132494945","1"
"555","1941","1334","1432","Button: First Recommended","1620132609912","2"
"556","1941","1338","1436","Button: First Recommended","1620132678047","1"
"557","1941","1341","1439","Button: First Recommended","1620132733960","1"
"558","1941","1342","1440","Button: First Recommended","1620132774799","1"
"559","1938","1336","1434","Button: First Recommended","1620132962644","2"
"560","1942","1337","1435","Button: First Recommended","1620132964476","1"
"561","1938","1345","1443","Button: First Recommended","1620133161695","1"
"562","1940","1339","1437","Button: First Recommended","1620133177354","1"
"563","1942","1347","1445","Button: First Recommended","1620133196123","2"
"564","1941","1344","1442","Button: Oefeningenoverzicht","1620133265456","1"
"565","1939","1335","1433","Button: Oefeningenoverzicht","1620133275652","4"
"566","1944","1343","1441","Button: First Recommended","1620133303833","1"
"567","1939","1353","1451","Button: Oefeningenoverzicht","1620133346565","1"
"568","1938","1348","1446","Button: First Recommended","1620133418193","1"
"569","1942","1350","1448","Button: First Recommended","1620133428747","1"
"570","1937","1333","1431","Button: First Recommended","1620133432672","3"
"571","1939","1355","1453","Button: Third Recommended","1620133489660","1"
"572","1939","1355","1453","Button: Oefeningenoverzicht","1620133523037","1"
"573","1940","1349","1447","Button: First Recommended","1620133556833","1"
"574","1938","1356","1454","Button: First Recommended","1620133622854","2"
"575","1942","1358","1456","Button: First Recommended","1620133643804","1"
"576","1938","1356","1454","Button: First Recommended","1620133688064","2"
"577","1941","1351","1449","Button: Oefeningenoverzicht","1620133741713","1"
"578","1938","1363","1461","Button: First Recommended","1620133755266","1"
"579","1944","1352","1450","Button: First Recommended","1620133898467","2"
"580","1940","1361","1459","Button: First Recommended","1620133939879","1"
"581","1944","1367","1465","Button: First Recommended","1620133951154","1"
"582","1941","1365","1463","Button: Oefeningenoverzicht","1620134248833","4"
"583","1940","1368","1466","Button: First Recommended","1620134251392","1"
"584","1941","1371","1469","Button: First Recommended","1620134435584","1"
"585","1944","1369","1467","Button: First Recommended","1620134487811","1"
"586","1941","1372","1470","Button: First Recommended","1620134903676","2"
"587","1944","1374","1472","Button: First Recommended","1620135271092","1"
"588","1937","1359","1457","Button: Oefeningenoverzicht","1620135312589","2"
"589","1941","1375","1473","Button: First Recommended","1620135424490","4"
"590","1940","1370","1468","Button: First Recommended","1620135740067","1"
"591","1941","1378","1476","Button: First Recommended","1620135956154","2"
"592","1941","1380","1478","Button: Oefeningenoverzicht","1620136314474","1"
"593","1946","1382","1480","Button: First Recommended","1620153435918","1"
"594","1946","1383","1481","Button: First Recommended","1620153589701","2"
"595","1946","1384","1482","Button: First Recommended","1620153962518","7"
"596","1946","1386","1484","Button: First Recommended","1620154360916","1"
"597","1947","1388","1486","Button: First Recommended","1620408388214","1"
"598","1947","1388","1486","Button: Oefeningenoverzicht","1620408430614","1"
"599","1947","1390","1488","Button: First Recommended","1620408742050","1"
"600","1947","1391","1489","Button: First Recommended","1620408903569","1"
"601","1947","1392","1490","Button: First Recommended","1620409124632","2"
"602","1947","1393","1491","Button: First Recommended","1620409285305","1"
"603","1948","1395","1493","Button: First Recommended","1620466562538","1"
"604","1948","1396","1494","Button: First Recommended","1620466620503","1"
"605","1948","1397","1495","Button: First Recommended","1620466844895","1"
"606","1948","1398","1496","Button: First Recommended","1620467038715","1"
"607","1948","1399","1497","Button: First Recommended","1620467793664","1"
"608","1948","1400","1498","Button: Oefeningenoverzicht","1620468332964","1"
"609","1949","1403","1501","Button: First Recommended","1620474761520","1"
"610","1949","1406","1504","Button: First Recommended","1620475029891","1"
"611","1949","1407","1505","Button: First Recommended","1620475599072","1"
"612","1949","1408","1506","Button: First Recommended","1620476083522","1"
"613","1949","1409","1507","Button: First Recommended","1620476393675","5"
"614","1949","1410","1508","Button: Oefeningenoverzicht","1620477164736","1"
"615","1930","1411","1509","Button: First Recommended","1620479621571","1"
"616","1930","1412","1510","Button: First Recommended","1620479828057","1"
"617","1930","1413","1511","Button: First Recommended","1620480641340","2"
"618","1930","1414","1512","Button: First Recommended","1620480796479","1"
"619","1950","1416","1514","Button: First Recommended","1620496912262","1"
"620","1950","1417","1515","Button: First Recommended","1620497003370","2"
"621","1950","1419","1517","Button: First Recommended","1620497119630","1"
"622","1950","1420","1518","Button: Oefeningenoverzicht","1620497167144","1"
"623","1950","1421","1519","Button: First Recommended","1620498111908","1"
"624","1956","1427","1525","Button: First Recommended","1620635597788","2"
"625","1956","1428","1526","Button: First Recommended","1620635699910","3"
"626","1956","1429","1527","Button: Oefeningenoverzicht","1620635928673","2"
"627","1956","1430","1528","Button: First Recommended","1620636178461","1"
"628","1956","1431","1529","Button: First Recommended","1620636355099","1"
"629","1956","1432","1530","Button: Oefeningenoverzicht","1620636908847","1"
"630","1956","1433","1531","Button: Oefeningenoverzicht","1620637564382","1"
"631","1956","1437","1535","Button: Oefeningenoverzicht","1620637636784","1"
"632","1956","1438","1536","Button: Oefeningenoverzicht","1620637679962","6"
"633","1956","1439","1537","Button: First Recommended","1620637829453","4"
"634","1956","1440","1538","Button: First Recommended","1620637941864","1"
"635","1956","1442","1540","Button: Oefeningenoverzicht","1620638268185","5"
"636","1956","1443","1541","Button: Oefeningenoverzicht","1620638422548","3"
"637","1956","1444","1542","Button: Oefeningenoverzicht","1620638659163","4"
"638","1958","1448","1546","Button: First Recommended","1620653187881","1"
"639","1958","1449","1547","Button: First Recommended","1620653302217","1"
"640","1958","1450","1548","Button: First Recommended","1620653516123","5"
"641","1958","1451","1549","Button: First Recommended","1620653706252","2"
"642","1962","1455","1553","Button: First Recommended","1620755243799","1"
"643","1962","1456","1554","Button: First Recommended","1620755491171","3"
"644","1962","1457","1555","Button: First Recommended","1620755648312","2"
"645","1962","1458","1556","Button: First Recommended","1620755684725","1"
"646","1962","1459","1557","Button: First Recommended","1620755718230","1"
"647","1967","1466","1564","Button: Oefeningenoverzicht","1620998929020","1"
"648","1967","1467","1565","Button: Oefeningenoverzicht","1620999059010","3"
"649","1968","1468","1566","Button: First Recommended","1620999082386","1"
"650","1967","1469","1567","Button: Oefeningenoverzicht","1620999100279","1"
"651","1967","1471","1569","Button: Oefeningenoverzicht","1620999189090","2"
"652","1967","1473","1571","Button: Oefeningenoverzicht","1620999239294","1"
"653","1968","1474","1572","Button: Oefeningenoverzicht","1620999262813","1"
"654","1968","1476","1574","Button: First Recommended","1620999462998","1"
"655","1967","1475","1573","Button: First Recommended","1620999666204","3"
"656","1968","1480","1578","Button: First Recommended","1621000064317","1"
"657","1968","1483","1581","Button: First Recommended","1621000201027","1"
"658","1968","1484","1582","Button: First Recommended","1621000223932","1"
"659","1968","1485","1583","Button: First Recommended","1621000242912","1"
"660","1968","1486","1584","Button: First Recommended","1621000281794","5"
"661","1968","1488","1586","Button: First Recommended","1621000319336","1"
"662","1968","1489","1587","Button: First Recommended","1621000365024","6"
"663","1969","1491","1589","Button: First Recommended","1621071776739","1"
"664","1969","1492","1590","Button: First Recommended","1621072096711","1"
"665","1969","1493","1591","Button: First Recommended","1621072397751","1"
"666","1969","1494","1592","Button: First Recommended","1621072578040","2"
"667","1969","1495","1593","Button: First Recommended","1621072745996","1"
"668","1969","1496","1594","Button: Oefeningenoverzicht","1621073598225","1"
"669","1970","1498","1596","Button: First Recommended","1621099006479","3"
"670","1970","1499","1597","Button: Oefeningenoverzicht","1621099029631","1"
"671","1970","1500","1598","Button: First Recommended","1621099051418","1"
"672","1970","1501","1599","Button: First Recommended","1621099087058","2"
"673","1970","1502","1600","Button: First Recommended","1621099372365","2"
"674","1970","1503","1601","Button: First Recommended","1621099413918","3"
"675","1970","1504","1602","Button: First Recommended","1621099437875","1"
"676","1970","1505","1603","Button: First Recommended","1621099458895","1"
"677","1970","1506","1604","Button: First Recommended","1621099474569","2"
"678","1970","1507","1605","Button: First Recommended","1621099518082","6"
"679","1970","1510","1608","Button: First Recommended","1621099612970","2"
"680","1970","1512","1610","Button: First Recommended","1621099678017","3"
"681","1970","1513","1611","Button: First Recommended","1621099711552","2"
"682","1970","1514","1612","Button: First Recommended","1621099735132","1"
"683","1970","1515","1613","Button: First Recommended","1621099754233","1"
"684","1970","1516","1614","Button: First Recommended","1621099789271","1"
"685","1970","1517","1615","Button: First Recommended","1621099812094","1"
"686","1970","1519","1617","Button: First Recommended","1621101229556","1"
"687","1970","1520","1618","Button: First Recommended","1621101242488","1"
"688","1970","1521","1619","Button: First Recommended","1621101274887","1"
"689","1970","1522","1620","Button: First Recommended","1621101299432","2"
"690","1970","1523","1621","Button: First Recommended","1621101351298","1"
"691","1970","1524","1622","Button: First Recommended","1621101372262","1"
"692","1970","1528","1626","Button: First Recommended","1621101484784","1"
"693","1970","1529","1627","Button: First Recommended","1621101509907","2"
"694","1970","1530","1628","Button: First Recommended","1621101528253","1"
"695","1970","1531","1629","Button: First Recommended","1621101550054","1"
"696","1970","1532","1630","Button: First Recommended","1621101595863","1"
"697","1970","1533","1631","Button: Oefeningenoverzicht","1621101645439","1"
"698","1970","1536","1634","Button: First Recommended","1621101813460","3"
"699","1970","1539","1637","Button: First Recommended","1621101930839","2"
"700","1970","1540","1638","Button: First Recommended","1621101948357","2"
"701","1971","1547","1645","Button: First Recommended","1621103060823","3"
"702","1971","1553","1651","Button: First Recommended","1621103366363","2"
"703","1971","1555","1653","Button: First Recommended","1621103391661","1"
"704","1971","1557","1655","Button: First Recommended","1621103440130","5"
"705","1971","1560","1658","Button: First Recommended","1621103496453","6"
"706","1971","1561","1659","Button: Onderwerpenoverzicht","1621103512840","5"
"707","1972","1562","1660","Button: First Recommended","1621105706970","1"
"708","1972","1563","1661","Button: First Recommended","1621105797539","1"
"709","1972","1564","1662","Button: First Recommended","1621106197484","1"
"710","1972","1565","1663","Button: First Recommended","1621106258724","1"
"711","1972","1567","1665","Button: First Recommended","1621107208069","1"
"712","1972","1570","1668","Button: First Recommended","1621108644877","1"
"713","1972","1571","1669","Button: First Recommended","1621108709124","1"
"714","1972","1572","1670","Button: First Recommended","1621108910671","1"
"715","1973","1575","1673","Button: Oefeningenoverzicht","1621172015215","1"
"716","1973","1576","1674","Button: First Recommended","1621172066902","1"
"717","1973","1577","1675","Button: First Recommended","1621173685557","2"
"718","1973","1578","1676","Button: First Recommended","1621173891445","1"
"719","1973","1579","1677","Button: First Recommended","1621174319732","2"
"720","1974","1581","1679","Button: First Recommended","1621190945631","1"
"721","1974","1582","1680","Button: Oefeningenoverzicht","1621191026637","1"
"722","1974","1583","1681","Button: First Recommended","1621191262199","1"
"723","1974","1584","1682","Button: Oefeningenoverzicht","1621191733069","3"
"724","1975","1586","1684","Button: First Recommended","1621244054325","4"
"725","1975","1587","1685","Button: First Recommended","1621244385214","2"
"726","1975","1588","1686","Button: Oefeningenoverzicht","1621244416245","3"
"727","1976","1589","1687","Button: First Recommended","1621269471189","1"
"728","1976","1590","1688","Button: First Recommended","1621269494581","1"
"729","1976","1591","1689","Button: First Recommended","1621269587070","1"
"730","1976","1592","1690","Button: First Recommended","1621269621221","1"
"731","1976","1595","1693","Button: First Recommended","1621269950853","1"
"732","1976","1596","1694","Button: First Recommended","1621269971389","1"
"733","1976","1597","1695","Button: First Recommended","1621269989389","1"
"734","1976","1598","1696","Button: First Recommended","1621270155531","1"
"735","1976","1599","1697","Button: First Recommended","1621270226563","1"
"736","1976","1600","1698","Button: First Recommended","1621270320564","1"
"737","1976","1602","1700","Button: Oefeningenoverzicht","1621270386747","1"
